{"cameraMode":{"drawMode":0,"name":"Shaded","section":"Shading Mode"},"sceneLighting":false,"audioPlay":false,"sceneViewState":{"showFog":true,"showMaterialUpdate":false,"showSkybox":false,"showFlares":true,"showImageEffects":true,"showParticleSystems":true},"in2DMode":false,"pivot":{"x":-0.17441695928573609,"y":0.973681628704071,"z":0.5813865065574646},"rotation":{"x":0.0012979945167899132,"y":0.9986863732337952,"z":-0.038968540728092197,"w":0.03326451778411865},"size":1.9416587352752686,"orthographic":false}