{"cameraMode":{"drawMode":0,"name":"Shaded","section":"Shading Mode"},"sceneLighting":true,"audioPlay":false,"sceneViewState":{"showFog":true,"showMaterialUpdate":false,"showSkybox":true,"showFlares":true,"showImageEffects":true,"showParticleSystems":true},"in2DMode":false,"pivot":{"x":-47.42319869995117,"y":-4.875133514404297,"z":-23.902822494506837},"rotation":{"x":-0.07854726910591126,"y":0.8001373410224915,"z":-0.10745794326066971,"w":-0.5848685503005981},"size":148.57208251953126,"orthographic":false}