{"cameraMode":{"drawMode":0,"name":"Shaded","section":"Shading Mode"},"sceneLighting":true,"audioPlay":false,"sceneViewState":{"showFog":true,"showMaterialUpdate":false,"showSkybox":true,"showFlares":true,"showImageEffects":true,"showParticleSystems":true},"in2DMode":false,"pivot":{"x":-13.445362091064454,"y":-4.35657262802124,"z":10.647053718566895},"rotation":{"x":0.12233971804380417,"y":-0.4872167706489563,"z":0.06915666162967682,"w":0.8619004487991333},"size":40.972068786621097,"orthographic":false}